id,firstName,lastName,genre,Nationality
1,Vance,Hobell,Female,Colombia
2,Tan,Godfree,Male,EEUU
3,Frederic,Sansom,Female,EEUU
4,Claudette,Beteriss,Male,Colombia
5,Jonell,Janousek,Female,Colombia
6,Abie,MacKaig,Female,Colombia
7,Gilligan,Deguara,Male,EEUU
8,Wenda,Walster,Male,Colombia
9,Emilia,Bursell,Male,EEUU
10,Twyla,Hakey,Female,Colombia
11,Heda,McKiddin,Female,Colombia
12,Blinnie,Tiner,Female,Colombia
13,Danni,Dalgety,Male,EEUU
14,Lari,Le Marchand,Male,Colombia
15,June,Weare,Female,EEUU
16,Simonne,MacGibbon,Female,EEUU
17,Kevin,Tofful,Female,EEUU
18,David,Galea,Male,Colombia
19,Berny,Clendinning,Female,EEUU
20,Georgette,Savatier,Male,Colombia
21,Linette,Southon,Female,EEUU
22,Kincaid,Atwel,Female,Colombia
23,Anestassia,Shickle,Male,EEUU
24,Matthaeus,Matus,Male,Colombia
25,Tad,Golborne,Male,Colombia
26,Babs,Salvatore,Female,EEUU
27,Hector,Wincott,Female,EEUU
28,Marquita,Skews,Male,Colombia
29,Tynan,Stillert,Male,EEUU
30,Kala,Jovicevic,Male,EEUU
31,Wallas,Simeonov,Male,Colombia
32,Karylin,Markushkin,Male,EEUU
33,Faydra,Rogers,Female,Colombia
34,Roxana,Caldeiro,Female,EEUU
35,Wayland,Pooke,Female,Colombia
36,Gay,Ramme,Female,EEUU
37,Keir,Parnby,Female,Colombia
38,Ailbert,Assiter,Male,Colombia
39,Sarine,Maving,Female,Colombia
40,Wilden,Dykins,Female,Colombia
41,Cordula,Tredgold,Male,Colombia
42,Reiko,McIlvenna,Female,Colombia
43,Robin,Baudesson,Female,EEUU
44,Weylin,Raeburn,Female,Colombia
45,Tucky,Danilenko,Male,EEUU
46,April,Rosedale,Female,Colombia
47,Gabriello,Myhan,Male,EEUU
48,Odey,Guillon,Female,EEUU
49,Norine,Babidge,Male,Colombia
50,Tucky,Gatfield,Male,EEUU
51,Warden,Perin,Male,Colombia
52,Deanna,Aspin,Female,EEUU
53,Brewster,Bavin,Female,Colombia
54,Ravid,Bruyet,Male,EEUU
55,Craig,Andrasch,Male,EEUU
56,Rasia,Gleader,Female,EEUU
57,Berne,Tedman,Female,EEUU
58,Korry,Petrenko,Female,Colombia
59,Amalie,Ibbison,Male,EEUU
60,Darwin,Schult,Male,Colombia
61,Almira,Jailler,Male,Colombia
62,Marjy,Cockshott,Female,EEUU
63,Ashlen,Salandino,Female,EEUU
64,Gabriello,Drinnan,Female,EEUU
65,Dagny,Bittleson,Male,Colombia
66,Zedekiah,Spencook,Male,Colombia
67,Celestyna,Willimott,Male,Colombia
68,Dorena,Broadbury,Male,EEUU
69,Mercy,Lindsey,Female,Colombia
70,Renell,Alloway,Female,EEUU
71,Tanhya,Pagel,Male,Colombia
72,Wilmer,Uff,Male,Colombia
73,Valina,Crowter,Female,Colombia
74,Phyllis,Farherty,Male,EEUU
75,Ronica,Pautard,Male,EEUU
76,Cacilia,Castelyn,Male,EEUU
77,Leshia,Della,Female,EEUU
78,Dar,Coye,Female,Colombia
79,Florian,Freezor,Female,EEUU
80,Grantley,Francescuzzi,Female,EEUU
81,Shanon,Siehard,Female,EEUU
82,Alwyn,Whittenbury,Male,EEUU
83,Kevon,Sorrel,Female,EEUU
84,Lizabeth,Barkus,Female,EEUU
85,Teodoro,Lansdale,Male,Colombia
86,Kirbie,Weatherhill,Male,Colombia
87,Kaitlin,Jacop,Male,EEUU
88,Mikkel,Ravilious,Female,EEUU
89,Samuele,Thridgould,Female,EEUU
90,Dode,McCaughren,Male,EEUU
91,Lavena,Gaukroger,Male,Colombia
92,Bendicty,Rubie,Female,Colombia
93,Rora,Spoerl,Male,Colombia
94,Orion,Imeson,Male,EEUU
95,Arny,Longthorn,Male,Colombia
96,Lurlene,McLarens,Female,EEUU
97,Lock,Divisek,Female,EEUU
98,Rebeka,Caudle,Male,EEUU
99,Nigel,Odom,Male,Colombia
100,Randee,Kerrigan,Female,Colombia
101,Niel,Crichmer,Female,Colombia
102,Gwynne,Demonge,Female,Colombia
103,Yves,Feuell,Female,Colombia
104,Malvina,Stead,Male,Colombia
105,Trumann,Searchwell,Female,EEUU
106,Cassandry,Winterborne,Male,Colombia
107,Arch,Saterweyte,Female,Colombia
108,Dun,O'Hartnedy,Male,Colombia
109,Blondelle,Laslett,Male,EEUU
110,Cherida,Roarty,Female,EEUU
111,Edie,Whistan,Female,Colombia
112,Jemima,Ausher,Female,EEUU
113,Bord,Bigrigg,Female,Colombia
114,Bertrando,Romayne,Female,Colombia
115,Dougie,Cason,Male,EEUU
116,Wolfgang,Heiton,Male,EEUU
117,Valina,Simmans,Male,Colombia
118,Pippo,Hartlebury,Male,EEUU
119,Patti,Bohler,Male,Colombia
120,Matelda,Curror,Female,EEUU
121,Sherwood,Penson,Male,EEUU
122,Malena,Damarell,Female,EEUU
123,Christel,Cowlam,Male,EEUU
124,Paxon,Matthesius,Female,EEUU
125,Elena,Dybell,Male,Colombia
126,Georgine,Arnely,Male,EEUU
127,Kleon,Gilffillan,Female,Colombia
128,Olive,Mowne,Female,Colombia
129,Peter,Sheron,Male,EEUU
130,Sharyl,Dwyer,Male,EEUU
131,Armin,Braddock,Female,Colombia
132,Bibby,Taig,Male,EEUU
133,Hank,Balsom,Female,Colombia
134,Geno,Pistol,Male,EEUU
135,Dulcy,Burthom,Male,Colombia
136,Malinde,Woonton,Female,Colombia
137,Georgianna,Treleaven,Female,Colombia
138,Marie,Brayshaw,Male,Colombia
139,Vivian,Phin,Male,EEUU
140,Tori,Hugonnet,Female,EEUU
141,Mariele,Berthod,Male,Colombia
142,Birk,Fenner,Female,Colombia
143,Hester,Brightling,Male,EEUU
144,Jennette,Stirman,Female,EEUU
145,Christiane,Mooreed,Male,Colombia
146,Kippie,Lamonby,Female,EEUU
147,Dasha,Gillmore,Male,EEUU
148,Grady,Garthside,Female,EEUU
149,Therine,Linay,Female,EEUU
150,Scotti,Pollock,Female,Colombia
151,Elvyn,Petters,Male,Colombia
152,Issie,Ashworth,Female,EEUU
153,Anna-maria,Swannell,Female,Colombia
154,Lin,Thrift,Male,EEUU
155,Helenka,Garbert,Female,EEUU
156,Martita,Radden,Male,EEUU
157,Maurizio,Attwooll,Female,EEUU
158,Karlie,Martina,Male,EEUU
159,Fons,Threlfall,Female,Colombia
160,Amata,Canet,Male,EEUU
161,Austine,Bortolozzi,Female,Colombia
162,Toma,McCaskell,Male,EEUU
163,Eliot,Giblin,Male,Colombia
164,Nanine,Chilver,Female,EEUU
165,Derrik,Doughill,Male,EEUU
166,Alayne,Manns,Male,EEUU
167,Cecil,Boman,Female,Colombia
168,Michel,Endle,Female,Colombia
169,Zsa zsa,Pollastrino,Female,EEUU
170,Prue,Ivankin,Female,Colombia
171,Marcelia,Basketter,Female,Colombia
172,Mordecai,Suggate,Female,Colombia
173,Cheryl,Ferenczy,Female,EEUU
174,Jan,Kibbe,Female,EEUU
175,Emelia,Trenholm,Male,Colombia
176,Trixie,Pudden,Male,Colombia
177,Chiarra,Francie,Male,Colombia
178,Mikkel,Reinhardt,Male,Colombia
179,Paulo,Liccardo,Female,Colombia
180,Cris,Grigolli,Male,Colombia
181,Terrie,Bolino,Female,EEUU
182,Nowell,Cuseck,Male,EEUU
183,Brandise,Collyear,Male,Colombia
184,Sheba,Jelf,Male,EEUU
185,Maxim,Aksell,Male,Colombia
186,Amabel,Priddey,Male,Colombia
187,Sydel,Skade,Male,Colombia
188,Pier,Whitmore,Male,EEUU
189,Russ,Stickland,Female,Colombia
190,Melodie,Gladdor,Male,EEUU
191,Hollis,Kersey,Male,EEUU
192,Micheal,Adriano,Female,EEUU
193,Aldo,Munning,Male,EEUU
194,Penny,Hirth,Female,Colombia
195,Georgi,O'Keeffe,Male,EEUU
196,Kristos,Goneau,Female,Colombia
197,Orland,Beecroft,Male,EEUU
198,Hamid,Dubarry,Male,Colombia
199,Henrie,Saich,Female,Colombia
200,Kinnie,Shurlock,Male,EEUU
201,Winston,Cutforth,Male,Colombia
202,Lavina,Avis,Female,Colombia
203,Kati,Haggidon,Male,EEUU
204,Walden,Trolley,Female,Colombia
205,Kristoforo,Paxforde,Female,EEUU
206,Wilona,Van der Baaren,Female,EEUU
207,Katti,Hackleton,Female,Colombia
208,Jacquelyn,Tuckwell,Female,EEUU
209,Cullan,Walczynski,Female,Colombia
210,Isabelita,Ost,Female,EEUU
211,Edeline,Jewett,Female,EEUU
212,Alva,Joanic,Male,Colombia
213,Shaine,Hazeman,Male,EEUU
214,Eleonora,Diamant,Male,EEUU
215,Lind,Tace,Male,EEUU
216,Angel,MacDonogh,Female,EEUU
217,Herta,Zecchetti,Female,EEUU
218,Chaim,Armfield,Female,Colombia
219,Gerladina,Saenz,Male,Colombia
220,Lanie,Wrotchford,Female,EEUU
221,Shellie,Sprigging,Female,EEUU
222,Anneliese,Aubery,Female,Colombia
223,Vinson,Tumelty,Male,EEUU
224,Corly,Kohler,Female,Colombia
225,Allyce,MacGauhy,Female,EEUU
226,Eugenie,Halladay,Male,EEUU
227,Cherilynn,Faragan,Female,EEUU
228,Nels,Worsfield,Female,EEUU
229,Maryrose,Haggata,Male,Colombia
230,Felizio,Emblen,Female,Colombia
231,Leo,Dearl,Male,Colombia
232,Arron,Garside,Male,Colombia
233,Lorettalorna,Hinrichs,Female,Colombia
234,Lianna,Lafayette,Male,Colombia
235,Becka,Spinelli,Female,EEUU
236,Bret,Stepney,Female,EEUU
237,Tanny,Eykelhof,Female,EEUU
238,Camella,Curro,Female,Colombia
239,Sandor,Glide,Female,EEUU
240,Leonhard,Acott,Male,Colombia
241,Ozzy,Lomasna,Female,EEUU
242,Emlynne,Streight,Female,Colombia
243,Cody,Curtois,Male,EEUU
244,Foster,Kelby,Female,EEUU
245,Tiffany,Demkowicz,Female,Colombia
246,Viki,Plaide,Female,Colombia
247,Jobey,Connechie,Female,Colombia
248,Frazer,Rigney,Female,Colombia
249,Nora,Cromarty,Female,Colombia
250,Emilio,Currell,Male,EEUU
251,Jillie,Windaybank,Female,EEUU
252,Roxanna,Turmel,Male,Colombia
253,Antonina,Alman,Female,EEUU
254,Rafaela,Scamwell,Male,EEUU
255,Whitney,Luckie,Male,EEUU
256,Chelsy,Burnall,Male,Colombia
257,Josepha,Du Hamel,Female,EEUU
258,Ferdie,Lamberto,Male,Colombia
259,Massimo,Keddle,Female,Colombia
260,Brittni,MacCumeskey,Female,Colombia
261,Teresina,Gerckens,Female,EEUU
262,Gianna,Bault,Male,Colombia
263,Randee,Watters,Female,EEUU
264,Harvey,Bavin,Female,Colombia
265,Nissa,Ochterlonie,Male,EEUU
266,Luca,Fery,Female,Colombia
267,Elbertine,Madgwick,Male,EEUU
268,Nerte,Newlove,Male,Colombia
269,Becky,Grayshan,Female,EEUU
270,Donna,Lauritsen,Male,Colombia
271,Robin,Boas,Female,EEUU
272,Diarmid,Barnardo,Female,EEUU
273,Idaline,Chesshyre,Male,Colombia
274,Marlow,Huckett,Female,Colombia
275,Kerrill,Schwand,Female,Colombia
276,L;urette,Collop,Male,EEUU
277,Anjanette,Chantillon,Female,EEUU
278,Alwyn,Jedrzejewsky,Male,EEUU
279,Natalina,McGorman,Male,EEUU
280,Hercule,Humbie,Male,EEUU
281,Godfree,Ryding,Female,Colombia
282,Chas,Baumber,Male,Colombia
283,Cornie,Burnham,Male,Colombia
284,Norah,Warrender,Female,EEUU
285,Pascal,Postgate,Male,EEUU
286,Roy,Speeks,Female,Colombia
287,Micah,McLae,Female,Colombia
288,Vicky,Brickell,Male,Colombia
289,Julio,Pogue,Female,EEUU
290,Petr,Scala,Female,EEUU
291,Penelope,Dubery,Male,EEUU
292,Burnard,Havill,Male,Colombia
293,Sapphire,Artinstall,Male,EEUU
294,Haskel,Bollin,Male,Colombia
295,Elinore,Tonnesen,Male,EEUU
296,Cathrin,Morphey,Male,EEUU
297,Dusty,Frake,Female,Colombia
298,Adrianna,Lovegrove,Male,Colombia
299,Casey,MacCaig,Female,Colombia
300,Betti,Levis,Female,Colombia
301,Ring,Deacon,Female,Colombia
302,Sherye,Ettridge,Female,EEUU
303,Gabie,Seamer,Male,Colombia
304,Jecho,Sibyllina,Male,Colombia
305,Frans,Blumer,Male,Colombia
306,Bili,Matuszkiewicz,Female,Colombia
307,Rhea,Dmitrichenko,Female,EEUU
308,Michal,Caris,Male,EEUU
309,Yves,Bosma,Male,EEUU
310,Clerissa,Croney,Female,EEUU
311,Rosabel,Perham,Female,Colombia
312,Rhodie,Betonia,Male,EEUU
313,Dianemarie,Longhi,Female,EEUU
314,Elvera,Stronghill,Male,EEUU
315,Amber,Eloy,Female,Colombia
316,Trip,Claris,Female,Colombia
317,Leeann,Kondratenya,Female,Colombia
318,Benedikta,Bedome,Male,Colombia
319,Kingston,Valeri,Male,EEUU
320,Ludwig,Strathe,Male,EEUU
321,Emelyne,Tregidgo,Male,EEUU
322,Dixie,Wenn,Male,EEUU
323,Delcine,Frankton,Male,Colombia
324,Aundrea,Plampin,Male,Colombia
325,Nataniel,Road,Male,EEUU
326,Audie,Bugbee,Female,EEUU
327,Alexandrina,Limprecht,Female,Colombia
328,Jamal,Yurenin,Male,Colombia
329,Delora,Hessel,Female,Colombia
330,Lin,Walklett,Male,Colombia
331,Vivie,Wones,Female,Colombia
332,Austina,Thurby,Male,Colombia
333,Edgar,Bateup,Male,Colombia
334,Foss,Litster,Female,EEUU
335,Vina,Povall,Female,Colombia
336,Neala,Duffit,Male,Colombia
337,Onida,Broxis,Male,EEUU
338,Fayette,Bridat,Male,EEUU
339,Shelden,Gedling,Male,EEUU
340,Silvain,Polendine,Female,EEUU
341,Wheeler,Klaaassen,Male,EEUU
342,Pepe,Fotheringham,Female,Colombia
343,Cathleen,Youdell,Female,EEUU
344,Bondie,Bowell,Female,Colombia
345,Cristy,Ledekker,Male,EEUU
346,Anatollo,Dysert,Male,EEUU
347,Cami,Drover,Male,EEUU
348,Brod,Trudgian,Female,Colombia
349,Querida,Garriock,Female,EEUU
350,Reggy,Jadczak,Female,Colombia
351,Almeda,Morteo,Male,EEUU
352,Orbadiah,Conklin,Female,EEUU
353,Brooke,Beesey,Male,EEUU
354,Benedick,Biffen,Female,Colombia
355,Kennan,Faulks,Female,EEUU
356,Eduard,Baitey,Male,Colombia
357,Byron,Scourge,Female,EEUU
358,Lalo,Orable,Male,Colombia
359,Willey,Marusik,Female,Colombia
360,Anette,Serotsky,Female,Colombia
361,Eulalie,Marriot,Male,EEUU
362,Roxana,Tallis,Female,EEUU
363,Winn,MacDonogh,Female,Colombia
364,Otha,Pilgram,Female,Colombia
365,Stefa,Hucks,Male,EEUU
366,Gill,Leathem,Male,EEUU
367,Ava,Petigrew,Female,EEUU
368,Joni,Yorke,Male,Colombia
369,Carlynn,Sabatier,Female,Colombia
370,Florina,Fladgate,Male,EEUU
371,Phillipp,Meran,Male,EEUU
372,Lion,Arney,Male,Colombia
373,Tamiko,Mackilpatrick,Female,Colombia
374,Chrisse,Baggott,Female,EEUU
375,Bale,Esberger,Male,Colombia
376,Kara,Trimming,Male,EEUU
377,Myranda,Moppett,Male,EEUU
378,Elonore,Windus,Male,Colombia
379,Reggi,Noke,Female,EEUU
380,Garland,Uglow,Male,EEUU
381,Malorie,Sturton,Female,Colombia
382,Crista,Scholer,Female,EEUU
383,Kelcey,Mosby,Male,Colombia
384,Rory,Klezmski,Female,Colombia
385,Janie,Putton,Male,EEUU
386,Tallia,Capponeer,Male,Colombia
387,Mayne,Daverin,Female,EEUU
388,Trefor,Wolfindale,Female,EEUU
389,Goraud,Loughney,Female,Colombia
390,Adolpho,Totterdill,Female,Colombia
391,Karon,Northbridge,Female,EEUU
392,Adella,Crepel,Female,Colombia
393,Jan,Lanchberry,Male,EEUU
394,Heath,Ottery,Male,Colombia
395,Jillian,Clandillon,Male,EEUU
396,Janka,Mechic,Male,EEUU
397,Frieda,D'Enrico,Male,Colombia
398,Yuma,Bodiam,Female,Colombia
399,Kenyon,Full,Female,EEUU
400,Robinetta,Tingey,Female,EEUU
401,Gerome,Scanterbury,Female,Colombia
402,Suzette,Goodfellow,Male,Colombia
403,Phedra,Beynke,Male,EEUU
404,Thorpe,Jurgenson,Male,EEUU
405,Darya,Batram,Male,EEUU
406,Wren,Hubeaux,Male,EEUU
407,Judah,Eveque,Male,Colombia
408,Katleen,Simeonov,Male,EEUU
409,Valle,Condell,Male,EEUU
410,Colver,Hadgkiss,Male,Colombia
411,Josefina,Bradly,Female,Colombia
412,Robbin,Jayme,Female,Colombia
413,Malva,Cescotti,Female,Colombia
414,Madelena,Kollasch,Female,EEUU
415,Shae,Balffye,Female,EEUU
416,Alyssa,Baverstock,Female,EEUU
417,Dorian,Dieton,Female,Colombia
418,Morgen,Excell,Female,EEUU
419,Felicity,De Few,Male,EEUU
420,Meg,Boffin,Male,EEUU
421,Kristo,Waddoups,Female,EEUU
422,Kristy,Gledhall,Male,Colombia
423,Zorine,Poate,Female,Colombia
424,Tarrah,Bovingdon,Female,EEUU
425,Estel,Liggins,Female,Colombia
426,Marquita,Mattiassi,Male,EEUU
427,Priscilla,Beeden,Female,Colombia
428,Stella,Taggett,Male,EEUU
429,Barbi,Korlat,Male,EEUU
430,Rose,Woofinden,Female,Colombia
431,Carver,Ziehm,Female,Colombia
432,Leeann,McOwen,Female,EEUU
433,Eugenius,Larmouth,Male,Colombia
434,Hilly,Breese,Male,Colombia
435,Dulcia,Attewill,Female,Colombia
436,Arturo,Strattan,Female,Colombia
437,El,Lacknor,Female,EEUU
438,Elysia,Hardcastle,Male,EEUU
439,Yvonne,Reese,Female,EEUU
440,Britni,Dirkin,Male,Colombia
441,Anneliese,Withinshaw,Female,EEUU
442,Clara,Trewhella,Male,Colombia
443,Rorie,Smallsman,Male,EEUU
444,Hertha,Wetherby,Female,EEUU
445,Carmita,Holborn,Male,Colombia
446,Nadeen,Stuther,Male,Colombia
447,Pen,Godbehere,Female,Colombia
448,Dorolisa,Plank,Female,EEUU
449,Carla,Hutcheon,Female,Colombia
450,Whitman,Lyddyard,Male,EEUU
451,Tessi,Summerlad,Male,EEUU
452,Dalton,Liggins,Male,Colombia
453,Lainey,Manton,Female,Colombia
454,Sigismundo,Bedward,Female,EEUU
455,Isidro,Hinkley,Male,EEUU
456,Charlie,Stubbings,Female,Colombia
457,Ernestine,Chicchetto,Male,EEUU
458,Felicity,Faircloth,Male,Colombia
459,Morgan,Welchman,Male,EEUU
460,Otha,Coughtrey,Female,EEUU
461,Xymenes,Tschersich,Female,EEUU
462,Clevey,Leyburn,Male,Colombia
463,Niccolo,Atling,Male,EEUU
464,Adrien,Kenworthy,Male,EEUU
465,Brent,Kyneton,Female,Colombia
466,Olvan,Cherrington,Female,EEUU
467,Werner,Arkle,Female,EEUU
468,Garland,O'Logan,Female,EEUU
469,Marvin,Meeson,Female,EEUU
470,Gannon,Moules,Male,EEUU
471,Debby,Ching,Male,Colombia
472,Zsa zsa,Levison,Male,EEUU
473,Jacqui,Philpot,Male,Colombia
474,Addy,Margach,Male,EEUU
475,Chase,Greasty,Male,Colombia
476,Brannon,Allso,Male,EEUU
477,Erich,Kitcherside,Female,EEUU
478,Barnaby,Sabin,Female,Colombia
479,Fanny,Faudrie,Female,Colombia
480,Cathy,Wildash,Male,EEUU
481,Nate,Waddicor,Female,EEUU
482,Chev,Silcocks,Female,Colombia
483,Nell,Mellsop,Female,EEUU
484,Tammara,Garrigan,Male,Colombia
485,Bryant,Orys,Female,Colombia
486,Raychel,Seally,Female,Colombia
487,Sig,Jefferies,Male,EEUU
488,Karisa,Sandcroft,Female,Colombia
489,Abigael,McLaggan,Male,EEUU
490,Norry,Coldbathe,Female,EEUU
491,Rhetta,Berrill,Male,Colombia
492,Julianna,Rolph,Female,EEUU
493,Merrili,Chretien,Male,EEUU
494,Nevil,Marrian,Male,Colombia
495,Ronica,Maginn,Female,EEUU
496,Marylinda,Nadin,Male,Colombia
497,Lemar,Tippin,Male,Colombia
498,Alexandr,Boutcher,Female,Colombia
499,Elston,Souten,Female,Colombia
500,Camella,Domek,Female,EEUU
501,Jacky,Reuben,Male,Colombia
502,Gay,Eefting,Male,Colombia
503,Erasmus,Kemetz,Female,EEUU
504,Jaquelyn,Mullins,Male,Colombia
505,Boothe,Pogue,Female,EEUU
506,Imogene,Baszniak,Male,EEUU
507,Thurstan,Schapiro,Male,EEUU
508,Bertie,Lazenbury,Male,EEUU
509,Jess,Whetnell,Female,Colombia
510,D'arcy,Ollarenshaw,Male,Colombia
511,Esta,Weins,Male,EEUU
512,Sophi,Colerick,Female,Colombia
513,Broddy,O'Lehane,Female,EEUU
514,Mommy,Pedersen,Female,Colombia
515,Stavro,Hekkert,Male,EEUU
516,Lay,Ferneley,Male,Colombia
517,Renata,Blackhall,Male,EEUU
518,Pincas,Matczak,Female,Colombia
519,Mariette,Rawll,Female,Colombia
520,Inga,Derrick,Female,EEUU
521,Tawnya,Favell,Male,EEUU
522,Zorina,Stoppe,Female,EEUU
523,Blisse,Yanshin,Female,Colombia
524,Leonardo,Chung,Male,EEUU
525,Garrik,Leak,Male,EEUU
526,Tedman,Gillion,Female,Colombia
527,Mischa,Harnes,Male,EEUU
528,Early,Gethouse,Female,EEUU
529,Donia,Djorevic,Male,Colombia
530,Glyn,Lober,Male,EEUU
531,Ruprecht,Kernes,Female,EEUU
532,Donal,Hynson,Male,Colombia
533,Sascha,Dollin,Male,EEUU
534,Warde,Baudou,Female,Colombia
535,Christiane,Stoppard,Female,EEUU
536,Franciskus,Stive,Female,Colombia
537,Karleen,Addicote,Male,Colombia
538,Phedra,Donnel,Male,Colombia
539,Roseanna,Graddon,Female,EEUU
540,Aubrey,Wigfall,Female,Colombia
541,Ronalda,Goldstone,Male,Colombia
542,Stafford,De Domenicis,Female,Colombia
543,Haven,Applegarth,Male,Colombia
544,Elisha,Lorenzetti,Male,Colombia
545,Fletch,Whyborn,Female,EEUU
546,Lynna,Miliffe,Female,EEUU
547,Paton,Wilmore,Female,EEUU
548,Winn,Thomas,Male,EEUU
549,Appolonia,Kuzemka,Male,EEUU
550,Marsh,Cushe,Female,EEUU
551,Rudy,Stoves,Female,Colombia
552,Junie,Dwyer,Female,EEUU
553,Frasquito,Cadwaladr,Male,EEUU
554,Shana,Zanicchelli,Male,Colombia
555,Saidee,Knowlden,Female,Colombia
556,Boris,Spore,Female,Colombia
557,Skye,Bower,Female,Colombia
558,Shea,Elms,Male,Colombia
559,Merci,Rosenblath,Female,EEUU
560,Germain,Scoffins,Male,EEUU
561,Guthry,Caville,Female,EEUU
562,Gerda,Melanaphy,Female,Colombia
563,Spenser,Kunat,Female,Colombia
564,Dick,Epperson,Female,EEUU
565,Wenonah,Titterrell,Male,EEUU
566,Killian,Ivanichev,Male,Colombia
567,Davine,Ivanchikov,Female,Colombia
568,Murray,Gegg,Male,EEUU
569,Bondie,Broxis,Female,EEUU
570,Kimbell,Oven,Female,EEUU
571,Renard,Goodreid,Female,EEUU
572,Carrissa,Canto,Male,EEUU
573,Barnie,Steuart,Female,Colombia
574,Angeline,Crosio,Male,Colombia
575,Morgen,Broadberrie,Female,EEUU
576,Chantal,Langstone,Female,EEUU
577,Edmund,Slocum,Female,Colombia
578,Myca,Lazonby,Female,EEUU
579,Romeo,Lamps,Female,EEUU
580,Lawton,Peacock,Female,Colombia
581,Errick,Liccardo,Female,EEUU
582,Lidia,Entissle,Male,Colombia
583,Perceval,Kmieciak,Female,EEUU
584,Berry,Huddy,Female,Colombia
585,Bondie,Cresser,Female,EEUU
586,Kerri,Maitland,Female,Colombia
587,Jae,Reuss,Male,Colombia
588,Ricki,Primrose,Male,EEUU
589,Barbra,Yuryichev,Male,Colombia
590,Whit,Snewin,Female,Colombia
591,Derrek,Pinckstone,Male,EEUU
592,Margarita,Fosdyke,Male,Colombia
593,Algernon,Soles,Male,EEUU
594,Cybill,Salmoni,Male,EEUU
595,Nat,Biner,Male,EEUU
596,Joby,Dohrmann,Female,Colombia
597,Gerti,Penhaleurack,Male,EEUU
598,Missie,Clawe,Male,EEUU
599,Idaline,Astbery,Female,Colombia
600,Kayla,Fleeman,Female,EEUU
601,Annabela,Maffione,Male,Colombia
602,Elianore,MacCathay,Male,EEUU
603,Winnah,Gronaver,Female,EEUU
604,Ax,Poyner,Male,EEUU
605,Elene,Ferrettini,Male,EEUU
606,Hyatt,Brisse,Male,Colombia
607,Hi,Cosser,Female,Colombia
608,Kelci,Storre,Male,Colombia
609,Georgina,Gors,Female,Colombia
610,Ethelind,Buckthorp,Male,Colombia
611,Peria,St. John,Male,EEUU
612,Genevra,Harpur,Male,EEUU
613,Rhiamon,Shalliker,Female,EEUU
614,Westbrook,Urrey,Male,EEUU
615,Town,Wildt,Male,Colombia
616,Romola,Abrahmson,Male,EEUU
617,Johnathan,Shand,Male,EEUU
618,Arline,Garrattley,Female,Colombia
619,Cassius,Alessandretti,Male,Colombia
620,Emyle,Giorgi,Female,EEUU
621,Barn,Resdale,Female,Colombia
622,Cooper,Grigoriev,Female,EEUU
623,Toiboid,Stoll,Male,Colombia
624,Timmy,Jewis,Male,Colombia
625,Giovanna,Janatka,Female,Colombia
626,Alika,Sailor,Female,Colombia
627,Eleen,Slowgrove,Male,EEUU
628,Shermie,Le Provost,Male,EEUU
629,Ortensia,Buck,Female,EEUU
630,Jerrie,Lequeux,Female,EEUU
631,Lucina,Jugging,Male,Colombia
632,Nettie,Adicot,Male,EEUU
633,Verena,Saddleton,Male,Colombia
634,Curran,Stockney,Female,Colombia
635,Arch,Turnell,Male,EEUU
636,Linnea,Grewes,Male,EEUU
637,Glenna,Simister,Male,EEUU
638,Aldin,Acuna,Female,EEUU
639,Kalvin,Izakof,Male,EEUU
640,Washington,Readie,Female,EEUU
641,Joellen,Tout,Male,EEUU
642,Lane,Farrens,Female,Colombia
643,Candida,Featherbie,Female,EEUU
644,Camilla,Gilliatt,Male,Colombia
645,Peria,Snelling,Female,Colombia
646,Terrye,Amber,Female,Colombia
647,Tara,Buckoke,Male,EEUU
648,Timmy,Birkin,Male,EEUU
649,Lesley,Dionisetti,Female,EEUU
650,Neall,Treherne,Female,EEUU
651,Pattie,Ost,Female,EEUU
652,Olly,Bean,Female,Colombia
653,Paolo,Antonowicz,Male,Colombia
654,Hanson,Stempe,Female,EEUU
655,Frances,Oakenfield,Female,Colombia
656,Vernice,Van Dale,Male,EEUU
657,Grace,Bencher,Male,EEUU
658,Olag,Geeraert,Male,EEUU
659,Bertrando,Mateiko,Male,EEUU
660,Mayor,Emeline,Female,EEUU
661,Johna,Pieroni,Male,Colombia
662,Jody,Huban,Female,Colombia
663,Alia,McGrorty,Male,Colombia
664,Michell,Ivanonko,Female,Colombia
665,Maynord,Oda,Male,EEUU
666,Morissa,Sedge,Male,Colombia
667,Thaxter,Hedgeman,Male,Colombia
668,Binni,Chaudret,Male,Colombia
669,Dorelle,Lucian,Male,Colombia
670,Danya,McAuslene,Male,Colombia
671,Debora,Besse,Male,EEUU
672,Quint,Downie,Male,EEUU
673,Shantee,Ellit,Female,Colombia
674,Florance,Heindrick,Female,Colombia
675,Joleen,Doe,Male,Colombia
676,Emilee,Denyukhin,Female,Colombia
677,Irwin,Spavins,Female,EEUU
678,Berne,Van Son,Female,Colombia
679,Gav,Kalf,Male,Colombia
680,Storm,Willcock,Female,Colombia
681,Ozzy,Guilayn,Female,Colombia
682,Kendell,Spry,Female,Colombia
683,Keeley,Fahy,Male,Colombia
684,Feodora,Olczyk,Male,EEUU
685,Skip,Heephy,Female,Colombia
686,Dana,Rochewell,Female,EEUU
687,Idelle,Mickan,Female,EEUU
688,Corrianne,Voss,Male,EEUU
689,Brittaney,Bloxholm,Female,EEUU
690,Fredra,Weagener,Male,Colombia
691,Kenon,Bennetto,Female,Colombia
692,Muffin,Spondley,Female,EEUU
693,Ursulina,Llywarch,Male,Colombia
694,Piper,Beckham,Male,Colombia
695,Randall,Pettyfer,Male,Colombia
696,Lauralee,Bignold,Male,EEUU
697,Ninnetta,Macci,Female,Colombia
698,Lynn,Greenman,Male,Colombia
699,Reg,Gockeler,Male,Colombia
700,Cross,Trebble,Male,EEUU